{
  "images" : [
    {
      "filename" : "house-with-lock-outline-on-a-circular-black-background.png",
      "idiom" : "universal",
      "scale" : "1x"
    },
    {
      "filename" : "house-with-lock-outline-on-a-circular-black-background-1.png",
      "idiom" : "universal",
      "scale" : "2x"
    },
    {
      "filename" : "house-with-lock-outline-on-a-circular-black-background-2.png",
      "idiom" : "universal",
      "scale" : "3x"
    }
  ],
  "info" : {
    "author" : "xcode",
    "version" : 1
  }
}
